,Number,Title,Artist,Genre,Year,Dance,Positiveness,Duration,Popularity
0,1,Put Your Head On My Shoulder,Paul Anka,adult standards,1950,55,47,155,72
1,2,Whatever Will Be Will Be (Que Sera Sera) (with Frank DeVol & His Orchestra) - Single Version,Doris Day,adult standards,1950,42,78,123,62
2,3,Everybody Loves Somebody,Dean Martin,adult standards,1950,26,40,162,61
3,4,Take Good Care Of My Baby - 1990 Remastered,Bobby Vee,adult standards,1950,49,66,151,60
4,5,A Teenager In Love,Dion & The Belmonts,adult standards,1950,56,62,158,60
5,6,She's Got You - Single Version,Patsy Cline,adult standards,1950,39,57,182,57
6,7,Puppy Love - Remix,Paul Anka,adult standards,1950,29,54,164,56
7,8,Travelin' Man - Remastered,Ricky Nelson,adult standards,1950,74,86,143,55
8,9,Mr. Blue,The Fleetwoods,adult standards,1950,37,21,145,55
9,10,Itsy Bitsy Teenie Weenie Yellow Polka Dot Bikini,Brian Hyland,adult standards,1950,81,96,144,54
10,11,Lonesome Town - 1990 Digital Remaster,Ricky Nelson,adult standards,1950,51,30,136,54
11,12,16 Candles,Johnny Maestro,brill building pop,1950,60,60,175,53
12,13,If I Give My Heart to You (with The Mellomen) - 78rpm Version,Doris Day,adult standards,1950,50,33,169,52
13,14,Sh-Boom - Single Version,The Chords,doo-wop,1950,67,91,144,52
14,15,Sh-Boom (Life Could Be A Dream),The Crew Cuts,doo-wop,1950,67,56,168,51
15,16,It's All In The Game,Tommy Edwards,deep adult standards,1950,38,65,159,49
16,17,You Mean Everything to Me,Neil Sedaka,adult standards,1950,37,68,158,48
17,18,April Love,Pat Boone,adult standards,1950,39,50,161,48
18,19,Surf City - Remastered 1990/Stereo Remix,Jan & Dean,brill building pop,1950,47,94,163,48
19,20,I've Grown Accustomed To Her Face - Remastered/1998,Dean Martin,adult standards,1950,57,34,163,47
20,21,Rubber Ball,Bobby Vee,adult standards,1950,42,77,144,47
21,22,Chicago - Remastered,Frank Sinatra,adult standards,1950,51,79,134,47
22,23,But Not For Me,Ella Fitzgerald,adult standards,1950,18,16,214,45
23,24,In The Still Of The Night,The Five Satins,brill building pop,1950,44,20,184,44
24,25,Only Because,The Platters,adult standards,1950,55,47,174,44
25,26,Che La Luna,Louis Prima,adult standards,1950,68,99,152,44
26,27,My Happiness,Connie Francis,adult standards,1950,45,28,150,44
27,28,Brown Eyed Handsome Man,Buddy Holly,adult standards,1950,59,86,125,43
28,29,Poetry In Motion,Johnny Tillotson,adult standards,1950,49,90,154,41
29,30,To The Aisle,The Five Satins,brill building pop,1950,32,55,166,41
30,31,Tulips From Amsterdam,Max Bygraves,british comedy,1950,56,70,135,41
31,32,If I Give My Heart To You,The Teddy Bears,,1950,49,29,118,40
32,33,The Lady Is A Tramp,Mel Torme & the Mel-Tones,,1950,41,54,170,40
33,34,Let's Fall in Love,James Darren,adult standards,1950,51,58,128,39
34,35,Runaround,The Fleetwoods,adult standards,1950,37,36,154,39
35,36,A Thousand Miles Away,The Temprees,classic soul,1950,48,30,199,39
36,37,Walkin’ My Baby Back Home,Dean Martin,adult standards,1950,72,78,175,39
37,38,Outside My Window,The Fleetwoods,adult standards,1950,59,47,129,39
38,39,I Love My Girl,The Hilltoppers,deep adult standards,1950,74,96,106,38
39,40,Eddie My Love,The Chordettes,adult standards,1950,57,39,135,38
40,41,Let There Be You,The Five Keys,doo-wop,1950,36,23,154,38
41,42,Raindrops,Roy Orbison,adult standards,1950,59,90,113,38
42,43,Unchained Melody,The Teddy Bears,,1950,53,47,139,37
43,44,It All Depends on You,Craig Douglas,brill building pop,1950,53,73,127,37
44,45,A Tear Fell,Teresa Brewer,adult standards,1950,42,46,156,37
45,46,Ain't Got No Home,"Clarence ""Frogman"" Henry",louisiana blues,1950,66,53,143,36
46,47,Carolina in the Morning,Craig Douglas,brill building pop,1950,35,43,213,36
47,48,Gigi,Billy Eckstine,adult standards,1950,21,19,155,35
48,49,What Do You Want,Adam Faith,brill building pop,1950,55,85,98,35
49,50,You Belong to My Heart,Timi Yuro,adult standards,1950,46,50,126,35
50,51,Someone Elses Roses,Joan Regan,,1950,29,32,143,34
51,52,More,Jimmy Young,deep adult standards,1950,36,29,146,34
52,53,Do You Wanna Dance,Bobby Freeman,doo-wop,1950,55,96,149,33
53,54,My September Love,David Whitfield,deep adult standards,1950,24,14,166,33
54,55,Seven Days,Anne Shelton,british dance band,1950,53,72,149,33
55,56,Marianne,The Hilltoppers,deep adult standards,1950,71,82,137,33
56,57,Sea Of Love,Marty Wilde,brill building pop,1950,45,39,144,32
57,58,No Other Love,Bob Sharples & His Music,,1950,37,10,171,31
58,59,Hot Diggity,Stargazers,,1950,88,96,134,31
59,60,Kisses Sweeter Than Wine,Frankie Vaughan,merseybeat,1950,57,86,138,31
60,61,Are You Really Mine,Jimmy Rodgers,yodeling,1950,69,56,148,31
61,62,Butterfingers,Tommy Steele,classic uk pop,1950,52,26,135,30
62,63,Come Softly To Me,Frankie Vaughan,merseybeat,1950,57,89,142,30
63,64,Ninety-Nine Ways,Tab Hunter,deep adult standards,1950,59,68,108,30
64,65,Only Sixteen - 2004 Remaster,Craig Douglas,brill building pop,1950,65,59,136,29
65,66,Little Things Means A Lot,Jayne Mansfield,,1950,70,63,172,29
66,67,Drinks On The House,Green Martini Keys,,1950,57,15,181,28
67,68,Pachuko Hop,Ike Carpenter Orchestra,,1950,48,80,135,28
68,69,Collette,Billy Fury,adult standards,1950,55,73,112,27
69,70,Happy Days And Lonely Nights,Suzi Miller And Johnson Brothers,,1950,65,69,146,27
70,71,Stairway Of Love,Terry Dene,,1950,62,86,120,27
71,72,I've Waited So Long,Anthony Newley,,1950,27,28,165,26
72,73,Held for Questioning,Rusty Draper,deep adult standards,1950,70,85,146,26
0,1,Here Comes The Sun - Remastered 2009,The Beatles,british invasion,1960,56,39,186,82
1,2,Come Together - Remastered 2009,The Beatles,british invasion,1960,53,19,260,79
2,3,Sweet Caroline,Neil Diamond,adult standards,1960,53,58,204,78
3,4,Yesterday - Remastered 2009,The Beatles,british invasion,1960,33,32,126,78
4,5,Can't Help Falling in Love,Elvis Presley,adult standards,1960,40,34,182,78
5,6,Fly Me To The Moon (In Other Words),Frank Sinatra,adult standards,1960,67,37,147,76
6,7,I Want To Hold Your Hand - Remastered 2015,The Beatles,british invasion,1960,49,87,146,74
7,8,White Room,Cream,album rock,1960,55,46,298,73
8,9,Put Your Head On My Shoulder,Paul Anka,adult standards,1960,55,47,155,72
9,10,Build Me Up Buttercup,The Foundations,brill building pop,1960,66,85,178,72
10,11,My Way,Frank Sinatra,adult standards,1960,40,23,277,72
11,12,Surfin' U.S.A. - Remastered,The Beach Boys,baroque pop,1960,55,97,149,71
12,13,Pinball Wizard,The Who,album rock,1960,54,47,181,69
13,14,L-O-V-E,Nat King Cole,adult standards,1960,43,66,155,68
14,15,Please Mr. Postman,The Marvelettes,brill building pop,1960,79,97,148,68
15,16,Hey Jude - Remastered 2009,The Beatles,british invasion,1960,40,67,431,67
16,17,Back In The U.S.S.R. - Remastered 2009,The Beatles,british invasion,1960,48,49,163,66
17,18,Suite: Judy Blue Eyes - Remastered,Crosby Stills & Nash,album rock,1960,45,30,444,66
18,19,Waterloo Sunset - Mono Mix,The Kinks,album rock,1960,51,42,194,65
19,20,Baby I Need Your Loving,Four Tops,adult standards,1960,63,65,166,63
20,21,Heart Full of Soul,The Yardbirds,album rock,1960,49,70,148,62
21,22,Gloria - Stereo Version,Them,blues rock,1960,64,72,157,62
22,23,It Takes Two,Marvin Gaye,classic soul,1960,52,81,178,62
23,24,This Will Be Our Year,The Zombies,art rock,1960,54,54,128,61
24,25,Take Good Care Of My Baby - 1990 Remastered,Bobby Vee,adult standards,1960,49,66,151,60
25,26,Hey! Baby - Remastered,Bruce Channel,rock-and-roll,1960,52,64,144,60
26,27,Comment te dire adieu - It Hurts to Say Goodbye,Françoise Hardy,chanson,1960,73,84,146,59
27,28,Rhythm of the Rain,The Cascades,adult standards,1960,66,67,146,59
28,29,What Becomes Of The Brokenhearted,Jimmy Ruffin,brill building pop,1960,72,60,176,59
29,30,Friday On My Mind,The Easybeats,australian rock,1960,37,51,163,59
30,31,Today,Jefferson Airplane,art rock,1960,51,29,178,59
31,32,Always See Your Face,Love,art rock,1960,57,92,209,58
32,33,Astral Weeks - 1999 Remaster,Van Morrison,classic rock,1960,45,61,426,58
33,34,Both Sides Now,Joni Mitchell,canadian folk,1960,62,33,275,58
34,35,Tous les garçons et les filles - Slow,Françoise Hardy,chanson,1960,74,89,188,57
35,36,"Ferry Cross the Mersey - Stereo, 1997 Remaster",Gerry & The Pacemakers,adult standards,1960,40,61,144,56
36,37,Needles and Pins - Mono,The Searchers,adult standards,1960,56,89,131,56
37,38,Little Bit Of Rain,Karen Dalton,alternative country,1960,43,36,157,56
38,39,Young Girl,Gary Puckett & The Union Gap,adult standards,1960,41,45,194,56
39,40,Leaving Trunk,Taj Mahal,acoustic blues,1960,54,95,290,55
40,41,Dream A Little Dream Of Me,Ella Fitzgerald,adult standards,1960,28,22,246,54
41,42,The Old Man's Back Again (Dedicated To The Neo-Stalinist Regime),Scott Walker,art pop,1960,42,78,221,54
42,43,Pictures of Matchstick Men - Mono Version,Status Quo,album rock,1960,24,42,191,54
43,44,No Sugar Tonight / New Mother Nature,The Guess Who,album rock,1960,51,52,294,54
44,45,I'm Gonna Make You Love Me,Diana Ross & The Supremes,classic girl group,1960,64,43,187,54
45,46,Silence Is Golden,The Tremeloes,adult standards,1960,44,58,191,53
46,47,Can't Take My Eyes Off You,Frankie Valli,adult standards,1960,58,56,204,53
47,48,You Ain't Goin' Nowhere,The Byrds,art rock,1960,51,70,153,53
48,49,Everybody Knows This Is Nowhere - 2009 Remaster,Neil Young,album rock,1960,52,85,149,52
49,50,Everybody Needs Somebody To Love - Long Version,The Rolling Stones,album rock,1960,53,80,303,52
50,51,The Sun Ain't Gonna Shine Anymore,The Walker Brothers,brill building pop,1960,38,43,195,52
51,52,What the World Needs Now Is Love,Dionne Warwick,adult standards,1960,57,40,190,51
52,53,Everlasting Love,Love Affair,bubblegum pop,1960,50,81,182,51
53,54,Itchycoo Park (Mono Version) - 2012 Remaster,Small Faces,art rock,1960,61,56,167,51
54,55,Here Comes the Night,Them,blues rock,1960,64,96,167,50
55,56,Surf City,Jan & Dean,brill building pop,1960,53,96,147,50
56,57,Crying,Roy Orbison,adult standards,1960,23,21,179,49
57,58,You'll Never Walk Alone,Gerry & The Pacemakers,adult standards,1960,45,29,160,49
58,59,Everybody Loves Somebody,Dean Martin,adult standards,1960,50,46,164,49
59,60,Spanish Eyes,Al Martino,adult standards,1960,51,49,167,49
60,61,I Walk on Guilded Splinters,Dr. John,blues,1960,65,71,466,48
61,62,Goin' Back,The Byrds,art rock,1960,50,55,206,47
62,63,Isfahan,Duke Ellington,adult standards,1960,25,9,246,47
63,64,Hot Burrito #1,The Flying Burrito Brothers,alternative country,1960,40,35,217,46
64,65,Over Under Sideways Down - The Mono Album,The Yardbirds,album rock,1960,53,39,143,46
65,66,Honey,Bobby Goldsboro,adult standards,1960,50,53,241,46
66,67,Everybody's Talkin',Fred Neil,american folk revival,1960,67,57,165,46
67,68,She'd Rather Be With Me,The Turtles,brill building pop,1960,49,94,142,46
68,69,Indian Reservation (The Lament of the Cherokee Reservation Indian),Paul Revere & The Raiders,brill building pop,1960,64,21,172,46
69,70,Locomotive,Thelonious Monk,bebop,1960,67,70,400,46
70,71,Rag Doll,Frankie Valli & The Four Seasons,adult standards,1960,50,61,182,45
71,72,Telstar,The Tornados,british invasion,1960,20,63,195,45
72,73,So Much In Love,The Tymes,beach music,1960,55,44,140,45
73,74,This Eve of Parting,John Hartford,appalachian folk,1960,56,34,153,44
74,75,Trouble Every Day,Frank Zappa,album rock,1960,31,48,350,44
75,76,No Time,The Guess Who,album rock,1960,48,12,219,44
76,77,The Game Of Love,Wayne Fontana & The Mindbenders,british invasion,1960,57,96,127,43
77,78,Ringo,Lorne Greene,cowboy western,1960,56,65,214,43
78,79,Black Christ of the Andes (St. Martin de Porres),Mary Lou Williams,bebop,1960,20,6,400,42
79,80,Sheila,Tommy Roe,adult standards,1960,42,48,127,42
80,81,Walkin' Back to Happiness,Helen Shapiro,adult standards,1960,65,83,150,42
81,82,Barabajagal (with Jeff Beck Group),Donovan,art rock,1960,67,68,200,42
82,83,On The Sunny Side Of The Ocean,John Fahey,drone folk,1960,48,48,193,41
83,84,Ca' the Yowes,Shirley & Dolly Collins,british folk,1960,32,32,208,41
84,85,Mr. Soul,Buffalo Springfield,blues rock,1960,67,96,172,41
85,86,My Spiritual Indian,Eddie Palmieri,boogaloo,1960,48,50,400,41
86,87,Myself When I Am Real,Charles Mingus,avant-garde jazz,1960,32,10,456,41
87,88,This Diamond Ring,Gary Lewis & The Playboys,adult standards,1960,63,78,137,41
88,89,Cry Like a Baby,The Box Tops,brill building pop,1960,67,77,152,40
89,90,Red Rubber Ball,The Cyrkle,brill building pop,1960,61,79,139,39
90,91,Lovely Sky Boat,Alice Coltrane,afropop,1960,34,44,411,38
91,92,The Ballad of Bonnie & Clyde,Georgie Fame,british blues,1960,71,74,190,38
92,93,A World Without Love,Peter And Gordon,brill building pop,1960,51,75,161,37
93,94,Don't Break The Heart That Loves You,Connie Francis,adult standards,1960,39,20,182,37
94,95,Live Wire,The Meters,afrobeat,1960,68,96,160,36
95,96,Laugh Laugh,The Beau Brummels,brill building pop,1960,49,75,177,30
96,97,Peppermint Twist Pt.1,Joey Dee,australian talent show,1960,42,72,122,30
0,1,Bohemian Rhapsody - 2011 Mix,Queen,glam rock,1970,41,22,354,84
1,2,Highway to Hell,AC/DC,album rock,1970,57,42,208,83
2,3,Don't Stop Me Now - 2011 Mix,Queen,glam rock,1970,56,61,209,82
3,4,Rocket Man (I Think It's Going To Be A Long Long Time),Elton John,glam rock,1970,60,34,282,81
4,5,We Will Rock You - Remastered,Queen,glam rock,1970,69,48,122,79
5,6,Let It Be - Remastered 2009,The Beatles,british invasion,1970,44,41,243,79
6,7,Mr. Blue Sky,Electric Light Orchestra,album rock,1970,39,48,303,79
7,8,Tiny Dancer,Elton John,glam rock,1970,41,28,377,79
8,9,Dreams - 2004 Remaster,Fleetwood Mac,album rock,1970,83,79,258,79
9,10,I Was Made For Lovin' You,KISS,album rock,1970,77,87,271,78
10,11,Immigrant Song - Remaster,Led Zeppelin,album rock,1970,56,62,146,77
11,12,Imagine - Remastered,John Lennon,album rock,1970,55,17,188,77
12,13,How Deep Is Your Love,Bee Gees,adult standards,1970,63,67,245,77
13,14,We Are The Champions - Remastered 2011,Queen,glam rock,1970,27,18,179,76
14,15,Don't Go Breaking My Heart,Elton John,glam rock,1970,73,78,275,75
15,16,Somebody To Love - 2011 Mix,Queen,glam rock,1970,41,33,296,75
16,17,Rock And Roll All Nite,KISS,album rock,1970,65,90,169,75
17,18,Listen to the Music,The Doobie Brothers,album rock,1970,65,91,227,75
18,19,Take It Easy - 2013 Remaster,Eagles,album rock,1970,57,74,212,75
19,20,Smoke On The Water - Remastered 2012,Deep Purple,album rock,1970,60,81,341,75
20,21,Gimme! Gimme! Gimme! (A Man After Midnight),ABBA,europop,1970,75,54,293,74
21,22,Love Of My Life - Remastered 2011,Queen,glam rock,1970,33,26,217,74
22,23,Father And Son,Yusuf / Cat Stevens,british folk,1970,50,40,221,74
23,24,Rebel Rebel - 2016 Remaster,David Bowie,album rock,1970,64,46,275,74
24,25,You're The One That I Want - From â€œGreaseâ€,John Travolta,hollywood,1970,76,82,170,74
25,26,The Boys Are Back In Town,Thin Lizzy,album rock,1970,45,77,267,74
26,27,Brandy (You're a Fine Girl),Looking Glass,soft rock,1970,72,83,187,73
27,28,Starman - 2012 Remaster,David Bowie,album rock,1970,49,55,254,73
28,29,Mamma Mia,ABBA,europop,1970,75,83,213,72
29,30,Life in the Fast Lane - 2013 Remaster,Eagles,album rock,1970,67,88,286,72
30,31,Rock with You - Single Version,Michael Jackson,pop,1970,81,85,221,72
31,32,Another Brick In The Wall Pt. 2 - 2011 Remastered Version,Pink Floyd,album rock,1970,69,72,239,72
32,33,YMCA - Original Version 1978,Village People,disco,1970,72,73,287,71
33,34,Take Me Home Country Roads,John Denver,adult standards,1970,46,63,190,70
34,35,Reelin' In The Years,Steely Dan,album rock,1970,52,71,275,70
35,36,Mandy,Barry Manilow,adult standards,1970,31,32,213,69
36,37,Everything I Own,Bread,adult standards,1970,37,45,187,69
37,38,Sailing,Rod Stewart,adult standards,1970,43,19,278,68
38,39,Detroit Rock City,KISS,album rock,1970,55,46,216,68
39,40,Let Your Love Flow,The Bellamy Brothers,country,1970,68,95,199,68
40,41,You Ain't Seen Nothing Yet,Bachman-Turner Overdrive,album rock,1970,48,76,235,68
41,42,Are You Ready For Love? - Remastered,Elton John,glam rock,1970,80,75,212,67
42,43,Guilty (feat. Barry Gibb),Barbra Streisand,adult standards,1970,63,95,264,67
43,44,Fat Bottomed Girls - 2011 Remaster,Queen,glam rock,1970,33,42,256,67
44,45,Love Really Hurts Without You,Billy Ocean,dance rock,1970,52,96,179,66
45,46,Your Song,Elton John,glam rock,1970,55,30,241,66
46,47,Here You Come Again,Dolly Parton,classic country pop,1970,53,56,179,66
47,48,Move On Up,Curtis Mayfield,chicago soul,1970,54,93,166,66
48,49,Waterloo,ABBA,europop,1970,45,65,169,66
49,50,A Song for You,Donny Hathaway,chicago soul,1970,32,7,326,65
50,51,"Evergreen (Love Theme from, ""A Star Is Born"")",Barbra Streisand,adult standards,1970,34,19,185,65
51,52,Dancing Queen,ABBA,europop,1970,51,68,231,65
52,53,Can't You See,The Marshall Tucker Band,album rock,1970,41,58,365,65
53,54,Won't Get Fooled Again - Original Album Version,The Who,album rock,1970,69,23,511,65
54,55,Bennie And The Jets - Remastered 2014,Elton John,glam rock,1970,67,78,323,65
55,56,Sunny,Boney M.,disco,1970,65,80,242,64
56,57,It's A Shame,The Spinners,classic soul,1970,37,71,190,64
57,58,Voulez-Vous,ABBA,europop,1970,71,90,309,63
58,59,Goodbye Yellow Brick Road - Remastered 2014,Elton John,glam rock,1970,56,40,193,63
59,60,Since You Been Gone,Rainbow,album rock,1970,73,94,198,63
60,61,Sorry Seems To Be The Hardest Word,Elton John,glam rock,1970,37,11,229,62
61,62,You To Me Are Everything,The Real Thing,brit funk,1970,64,82,210,62
62,63,Please Mr. Postman,Carpenters,adult standards,1970,66,96,173,62
63,64,Stumblin' In - 2017 Remaster,Suzi Quatro,classic uk pop,1970,76,92,240,61
64,65,Lady Writer,Dire Straits,album rock,1970,63,96,225,61
65,66,Knowing Me Knowing You,ABBA,europop,1970,55,91,242,61
66,67,Ophelia - Remastered 2000,The Band,album rock,1970,83,95,213,61
67,68,I Will Survive - Extended Version,Gloria Gaynor,disco,1970,76,59,197,61
68,69,Sweet Virginia,The Rolling Stones,album rock,1970,48,56,267,60
69,70,The Way We Were,Barbra Streisand,adult standards,1970,26,17,211,60
70,71,September Earth, Wind & Fire,disco,1970,69,98,215,60
71,72,Doctor Doctor - 2007 Remaster,UFO,album rock,1970,30,56,252,60
72,73,Ain't No Mountain High Enough,Diana Ross,adult standards,1970,39,38,215,60
73,74,Baby Come Back,Player,soft rock,1970,65,56,214,59
74,75,Boulder to Birmingham - Remastered,Emmylou Harris,country rock,1970,48,31,213,59
75,76,S.O.S.,ABBA,europop,1970,42,58,202,59
76,77,Now That We Found Love,The O'Jays,classic soul,1970,72,96,281,59
77,78,Fire on the Mountain,The Marshall Tucker Band,album rock,1970,51,57,236,58
78,79,Lost in Music,Sister Sledge,dance pop,1970,76,85,287,58
79,80,You Make Me Feel Like Dancing,Leo Sayer,adult standards,1970,73,71,221,57
80,81,The Boss,Diana Ross,adult standards,1970,64,83,241,57
81,82,Come and Get Your Love,Redbone,native american,1970,67,85,300,56
82,83,Moviestar,Harpo,classic uk pop,1970,55,71,202,56
83,84,Easy Livin',Uriah Heep,album rock,1970,26,46,157,56
84,85,Three Times A Lady,Commodores,adult standards,1970,37,20,215,56
85,86,Living Next Door to Alice,Smokie,classic uk pop,1970,59,78,208,56
86,87,Dancing In The Moonlight,King Harvest,soft rock,1970,65,68,178,56
87,88,You Are Everything,Diana Ross,adult standards,1970,52,50,190,56
88,89,I Want You,Marvin Gaye,classic soul,1970,52,74,274,56
89,90,Love Comes To Everyone - 2004 Mix,George Harrison,album rock,1970,72,51,276,55
90,91,Rock Your Baby,George McCrae,disco,1970,59,95,201,55
91,92,The Shape I'm In - Remastered 2000,The Band,album rock,1970,72,96,241,54
92,93,Midnight Train to Georgia - Short Version,Gladys Knight & The Pips,adult standards,1970,44,39,199,53
93,94,Daddy Cool,Boney M.,disco,1970,75,96,206,53
94,95,Sad Eyes - Remastered,Robert John,soft rock,1970,43,69,253,53
95,96,I Feel Love - Edit,Donna Summer,dance pop,1970,66,94,227,52
96,97,Just Got Paid,ZZ Top,album rock,1970,57,63,267,52
97,98,Killer Queen - 2011 Mix,Queen,glam rock,1970,54,61,180,51
98,99,I'd Really Love to See You Tonight - 2012 Collection Remaster,England Dan,adult standards,1970,58,67,158,50
99,100,I Got Lucky,Elvis Presley,adult standards,1970,73,96,116,49
100,101,Baretta's Theme,Sammy Davis Jr.,adult standards,1970,64,69,146,48
101,102,One of These Days,Emmylou Harris,country rock,1970,66,68,184,46
102,103,My Heart Belongs to Me,Barbra Streisand,adult standards,1970,27,30,201,44
103,104,Telegram Sam,T. Rex,album rock,1970,52,44,226,40
0,1,Livin' On A Prayer,Bon Jovi,glam metal,1980,53,80,249,83
1,2,Africa,TOTO,album rock,1980,67,73,296,83
2,3,Another One Bites The Dust - Remastered 2011,Queen,glam rock,1980,93,75,215,82
3,4,Break My Stride,Matthew Wilder,new wave pop,1980,92,83,184,81
4,5,I Wanna Dance with Somebody (Who Loves Me),Whitney Houston,dance pop,1980,71,87,291,80
5,6,Summer Of '69,Bryan Adams,album rock,1980,51,77,216,80
6,7,You Give Love A Bad Name,Bon Jovi,glam metal,1980,54,81,223,80
7,8,Everybody Wants To Rule The World,Tears For Fears,dance rock,1980,65,54,251,80
8,9,I'm Still Standing,Elton John,glam rock,1980,50,77,183,79
9,10,Last Christmas,Wham!,dance rock,1980,74,94,265,78
10,11,Uptown Girl,Billy Joel,album rock,1980,70,79,198,77
11,12,Radio Ga Ga - 2011 Mix,Queen,glam rock,1980,74,66,348,76
12,13,Heaven,Bryan Adams,album rock,1980,38,34,243,76
13,14,9 to 5,Dolly Parton,classic country pop,1980,55,81,162,76
14,15,Eye of the Tiger,Survivor,album rock,1980,82,55,246,76
15,16,Right Here Waiting,Richard Marx,mellow gold,1980,40,13,264,75
16,17,Listen to Your Heart,Roxette,europop,1980,54,34,328,75
17,18,Born in the U.S.A.,Bruce Springsteen,classic rock,1980,40,58,279,75
18,19,Pour Some Sugar On Me - Remastered 2017,Def Leppard,album rock,1980,27,57,267,74
19,20,Against All Odds (Take a Look at Me Now) - 2016 Remaster,Phil Collins,mellow gold,1980,58,11,206,74
20,21,Maniac,Michael Sembello,hi-nrg,1980,62,84,245,73
21,22,Hungry Eyes,Eric Carmen,adult standards,1980,71,55,251,73
22,23,Panama - 2015 Remaster,Van Halen,album rock,1980,53,46,210,73
23,24,Forever Young,Alphaville,dance rock,1980,49,33,227,73
24,25,I Love Rock 'N Roll,Joan Jett & The Blackhearts,glam punk,1980,54,90,175,72
25,26,Sacrifice,Elton John,glam rock,1980,76,49,304,72
26,27,Material Girl,Madonna,dance pop,1980,74,98,240,72
27,28,The Winner Takes It All,ABBA,europop,1980,45,52,295,72
28,29,Smalltown Boy,Bronski Beat,dance rock,1980,69,94,302,71
29,30,The Best - Edit,Tina Turner,disco,1980,68,82,250,71
30,31,(I Just) Died In Your Arms,Cutting Crew,album rock,1980,63,51,280,71
31,32,Brothers In Arms,Dire Straits,album rock,1980,41,14,424,71
32,33,Glory of Love,Peter Cetera,adult standards,1980,52,31,258,71
33,34,Super Trouper,ABBA,europop,1980,76,96,253,70
34,35,Flashdance...What a Feeling - Radio Edit,Irene Cara,dance rock,1980,57,40,237,70
35,36,Every Time You Go Away - Radio Edit,Paul Young,album rock,1980,57,84,267,70
36,37,Self Control,Laura Branigan,dance rock,1980,81,78,246,70
37,38,Say You Say Me,Lionel Richie,adult standards,1980,64,26,241,70
38,39,Heaven Is a Place on Earth,Belinda Carlisle,dance pop,1980,64,79,247,70
39,40,I Want To Break Free - Remastered 2011,Queen,glam rock,1980,88,78,199,70
40,41,Arthur's Theme (Best That You Can Do),Christopher Cross,adult standards,1980,53,52,234,70
41,42,Carrie,Europe,album rock,1980,46,14,272,70
42,43,We Are The World,U.S.A. For Africa,,1980,53,29,427,69
43,44,Stuck On You,Lionel Richie,adult standards,1980,51,25,192,69
44,45,Hurts So Good,John Mellencamp,album rock,1980,79,97,219,69
45,46,How Am I Supposed to Live Without You,Michael Bolton,adult standards,1980,54,23,256,69
46,47,Hysteria,Def Leppard,album rock,1980,66,66,355,68
47,48,Nikita,Elton John,glam rock,1980,63,75,343,68
48,49,Dancing With Myself,Billy Idol,album rock,1980,51,91,360,68
49,50,I'll Be Over You,TOTO,album rock,1980,52,41,230,68
50,51,Kids In America,Kim Wilde,dance pop,1980,56,31,206,68
51,52,St. Elmos Fire (Man in Motion),John Parr,album rock,1980,61,47,252,68
52,53,One More Night - 2016 Remaster,Phil Collins,mellow gold,1980,53,34,289,68
53,54,Come On Eileen,Dexys Midnight Runners,bow pop,1980,41,82,206,68
54,55,Where Do Broken Hearts Go,Whitney Houston,dance pop,1980,46,25,278,67
55,56,Guilty (feat. Barry Gibb),Barbra Streisand,adult standards,1980,63,95,264,67
56,57,Brother Louie,Modern Talking,eurodance,1980,78,83,223,67
57,58,Running Up That Hill (A Deal With God),Kate Bush,art pop,1980,63,20,299,67
58,59,End Of The Line,Traveling Wilburys,album rock,1980,58,93,210,67
59,60,Every Breath You Take,The Police,album rock,1980,82,72,252,67
60,61,"Up Where We Belong - From ""An Officer And A Gentleman""",Joe Cocker,album rock,1980,63,24,233,67
61,62,Woman in Love,Barbra Streisand,adult standards,1980,47,33,232,67
62,63,Cheri Cheri Lady,Modern Talking,eurodance,1980,68,85,226,66
63,64,Higher Love - Single Version,Steve Winwood,album rock,1980,70,92,252,66
64,65,That's What Friends Are For,Dionne Warwick,adult standards,1980,68,17,256,66
65,66,Gloria,Laura Branigan,dance rock,1980,78,88,295,66
66,67,Slave To Love,Bryan Ferry,album rock,1980,66,79,266,66
67,68,Now And Forever,Richard Marx,mellow gold,1980,44,17,215,65
68,69,Big in Japan,Alphaville,dance rock,1980,75,24,286,65
69,70,Only You,Yazoo,dance rock,1980,75,85,194,65
70,71,Valerie,Steve Winwood,album rock,1980,72,73,247,65
71,72,Blue Monday '88,New Order,alternative rock,1980,68,95,245,65
72,73,Gold,Spandau Ballet,dance rock,1980,71,64,231,65
73,74,Nothing's Gonna Change My Love For You,Glenn Medeiros,soft rock,1980,45,39,232,64
74,75,Sledgehammer,Peter Gabriel,album rock,1980,66,42,314,64
75,76,Rhythm Of The Night,DeBarge,disco,1980,71,96,229,64
76,77,Jessie's Girl,Rick Springfield,album rock,1980,72,85,194,64
77,78,It's Raining Men,The Weather Girls,disco,1980,68,61,211,64
78,79,Sunshine Reggae,Laid Back,classic danish pop,1980,70,93,258,64
79,80,Wonderful Life,Black,dance rock,1980,72,82,288,64
80,81,The Riddle,Nik Kershaw,dance rock,1980,58,90,235,63
81,82,Papa Don't Preach,Madonna,dance pop,1980,81,97,345,63
82,83,Didn't We Almost Have It All,Whitney Houston,dance pop,1980,54,34,305,63
83,84,All Right,Christopher Cross,adult standards,1980,71,50,254,63
84,85,Biggest Part of Me,Ambrosia,adult standards,1980,50,88,324,63
85,86,Save a Prayer - 2009 Remaster,Duran Duran,dance rock,1980,57,67,333,62
86,87,Baby Come To Me,Patti Austin,adult standards,1980,63,70,215,62
87,88,Fame - Rerecorded,Irene Cara,dance rock,1980,71,94,319,62
88,89,Hard Habit to Break - 2006 Remaster,Chicago,adult standards,1980,58,40,284,61
89,90,Rock You Like a Hurricane,Scorpions,album rock,1980,58,67,254,61
90,91,When the Children Cry,White Lion,album rock,1980,49,38,259,61
91,92,Is This Love - 2017 Remaster,Whitesnake,album rock,1980,33,53,285,60
92,93,I Knew You Were Waiting (For Me),George Michael,new wave pop,1980,73,68,242,60
93,94,You Keep Me Hangin On,Kim Wilde,dance pop,1980,69,71,255,60
94,95,Dancing with Tears in My Eyes,Ultravox,art rock,1980,59,93,244,59
95,96,In The Army Now,Status Quo,album rock,1980,68,94,281,59
96,97,Here I Go Again - 2017 Remaster,Whitesnake,album rock,1980,38,27,276,58
97,98,Holiday,Madonna,dance pop,1980,81,73,232,58
98,99,I Think We're Alone Now,Tiffany,new wave pop,1980,65,70,227,58
99,100,"Crockett's Theme - From ""Miami Vice II"" Soundtrack",Jan Hammer,jazz fusion,1980,41,40,215,58
100,101,Cold as Ice - 2008 Remaster,Foreigner,album rock,1980,55,51,200,57
101,102,Zulu Nation Throw Down,Afrika Bambaataa,bronx hip hop,1980,85,91,433,50
102,103,It's Only Love - 2008 Remaster,Simply Red,british soul,1980,67,75,299,50
103,104,Lucky Star,Madonna,dance pop,1980,80,93,338,46
104,105,Romeo - 2014 Remaster,Donna Summer,dance pop,1980,85,96,199,43
0,1,No Scrubs,TLC,atl hip hop,1990,74,59,214,79
1,2,I Want It That Way,Backstreet Boys,boy band,1990,69,48,214,76
2,3,It Wasn't Me,Shaggy,dance pop,1990,85,65,228,76
3,4,"Because You Loved Me (Theme from ""Up Close and Personal"")",CÃ©line Dion,canadian pop,1990,61,18,274,74
4,5,Big Poppa - 2005 Remaster,The Notorious B.I.G.,east coast hip hop,1990,78,76,253,74
5,6,I Got 5 On It,Luniz,g funk,1990,60,58,254,73
6,7,Boom Boom Boom Boom!!,Vengaboys,bubblegum dance,1990,80,97,202,73
7,8,Everybody (Backstreet's Back) - Radio Edit,Backstreet Boys,boy band,1990,73,61,225,73
8,9,Bed Of Roses,Bon Jovi,glam metal,1990,31,16,394,73
9,10,Don't Look Back in Anger - Remastered,Oasis,britpop,1990,33,33,290,73
10,11,Always Be My Baby,Mariah Carey,dance pop,1990,65,49,258,73
11,12,Angels,Robbie Williams,dance pop,1990,43,24,265,73
12,13,Return of the Mack,Mark Morrison,british soul,1990,72,61,213,72
13,14,Pony,Ginuwine,dance pop,1990,75,97,252,72
14,15,Freed From Desire,Gala,eurodance,1990,70,64,213,71
15,16,Better Off Alone,Alice DJ,europop,1990,67,76,218,71
16,17,Hero,Mariah Carey,dance pop,1990,50,18,258,71
17,18,End Of The Road,Boyz II Men,boy band,1990,64,53,351,71
18,19,I'll Be Missing You (feat. 112),Diddy,dance pop,1990,86,93,302,71
19,20,Forgot About Dre,Dr. Dre,g funk,1990,92,62,222,71
20,21,Fantasy,Mariah Carey,dance pop,1990,67,80,243,70
21,22,Sandstorm,Darude,eurodance,1990,53,59,225,70
22,23,Who Am I (What's My Name)?,Snoop Dogg,g funk,1990,69,69,246,70
23,24,Mr. Vain - Original Radio Edit,Culture Beat,bubblegum dance,1990,70,39,257,69
24,25,Spending My Time,Roxette,europop,1990,42,22,276,69
25,26,Let's Get Loud,Jennifer Lopez,dance pop,1990,82,91,239,69
26,27,The Rhythm of the Night,Corona,bubblegum dance,1990,69,80,264,69
27,28,The Power of Love,CÃ©line Dion,canadian pop,1990,55,25,342,68
28,29,Narcotic - Radio Edit,Liquido,german alternative rock,1990,62,45,236,68
29,30,Miami,Will Smith,hip hop,1990,88,89,198,68
30,31,Hypnotize - 2007 Remaster,The Notorious B.I.G.,east coast hip hop,1990,90,63,230,68
31,32,3AM,Matchbox Twenty,neo mellow,1990,52,54,226,68
32,33,High,Lighthouse Family,europop,1990,66,59,308,68
33,34,L'Amour Toujours,Gigi D'Agostino,eurodance,1990,62,81,239,67
34,35,"Rhythm Is A Dancer - 7"" Edit",SNAP!,diva house,1990,79,71,226,67
35,36,Say My Name,Destiny's Child,dance pop,1990,52,75,271,67
36,37,Heal the World,Michael Jackson,pop,1990,53,10,384,67
37,38,The Boy Is Mine,Brandy,dance pop,1990,70,76,295,66
38,39,Weak,SWV,dance pop,1990,69,57,292,66
39,40,Walking in Memphis,Cher,dance pop,1990,70,53,235,66
40,41,Angel of Mine - Radio Mix,Monica,dance pop,1990,59,21,250,66
41,42,Picture Of You,Boyzone,boy band,1990,76,88,206,65
42,43,"Beauty and the Beast - from the Soundtrack ""Beauty and the Beast""",CÃ©line Dion,canadian pop,1990,46,12,249,65
43,44,Run To You,Bryan Adams,album rock,1990,56,64,233,65
44,45,No Matter What,Boyzone,boy band,1990,70,53,274,65
45,46,Blue (Da Ba Dee) - Gabry Ponte Ice Pop Radio,Eiffel 65,bubblegum dance,1990,82,77,284,64
46,47,Dreams,Gabrielle,british soul,1990,75,57,223,64
47,48,Fading Like a Flower (Every Time You Leave),Roxette,europop,1990,61,32,231,64
48,49,It's Not Right But It's Okay,Whitney Houston,dance pop,1990,81,53,292,64
49,50,Stay Another Day,East 17,boy band,1990,52,44,267,63
50,51,A Whole New World (Aladdin's Theme),Peabo Bryson,adult standards,1990,52,13,243,63
51,52,Encore Une Fois - Future Breeze Edit,Sash!,bubblegum dance,1990,66,84,221,62
52,53,Incomplete,Sisqo,dance pop,1990,75,27,274,62
53,54,Sweet Dreams,La Bouche,bubblegum dance,1990,66,83,205,62
54,55,Juicy - 2007 Remaster,The Notorious B.I.G.,east coast hip hop,1990,87,79,301,62
55,56,Mysterious Girl - Radio Edit,Peter Andre,europop,1990,66,86,217,62
56,57,It's Gonna Be Me,*NSYNC,boy band,1990,64,88,191,62
57,58,I Have Nothing - Film Version,Whitney Houston,dance pop,1990,49,17,296,61
58,59,I Promised Myself,Nick Kamen,,1990,58,69,241,61
59,60,You,Ten Sharp,,1990,41,67,273,61
60,61,Relight My Fire (feat. Lulu),Take That,boy band,1990,65,93,252,61
61,62,Get A Way,Maxx,bubblegum dance,1990,85,60,227,60
62,63,More And More - Single Version,Captain Hollywood Project,bubblegum dance,1990,66,71,254,60
63,64,Free - Mood II Swing Radio Edit,Ultra NatÃ©,deep house,1990,76,74,233,60
64,65,"Circle of Life - From ""The Lion King""/Soundtrack Version",Elton John,glam rock,1990,30,14,292,59
65,66,Please Don't Go,Double You,eurodance,1990,71,49,200,59
66,67,Piu bella cosa,Eros Ramazzotti,italian pop,1990,67,62,265,58
67,68,When the Heartache Is Over,Tina Turner,disco,1990,69,43,224,58
68,69,Bailando,Paradisio,bubblegum dance,1990,65,84,229,58
69,70,Let There Be Love - 2002 Digital Remaster,Simple Minds,art rock,1990,49,60,309,57
70,71,I Will Always Love You - Film Version,Whitney Houston,dance pop,1990,34,12,275,57
71,72,I'll Be There,Mariah Carey,dance pop,1990,41,30,264,56
72,73,Don't Stop,ATB,german dance,1990,71,57,221,56
73,74,Das Boot,U96,bubble trance,1990,64,33,314,56
74,75,Hold On My Heart - 2007 Digital Remaster,Genesis,album rock,1990,46,27,278,56
75,76,Real Real Gone,Van Morrison,classic rock,1990,70,95,221,56
76,77,King Of My Castle - Roy Malone's King Mix,Wamdue Project,disco house,1990,87,76,299,55
77,78,Be With You,Enrique Iglesias,dance pop,1990,68,54,219,55
78,79,Ain't That Just the Way,Lutricia McNeal,,1990,74,77,215,55
79,80,Have You Ever - Radio Edit,Brandy,dance pop,1990,68,23,215,54
80,81,Gangsta's Paradise,Coolio,g funk,1990,64,42,242,54
81,82,Show Me Love,Robin S,disco house,1990,82,56,254,53
82,83,When I Look Into Your Eyes,Firehouse,album rock,1990,39,25,240,53
83,84,Insomnia - Radio Edit,Faithless,big beat,1990,71,53,216,50
84,85,If You Ever,East 17,boy band,1990,58,57,255,48
85,86,Pump Up The Jam,Technotronic,eurodance,1990,89,72,320,46
86,87,Doin' It,LL Cool J,east coast hip hop,1990,81,62,294,46
87,88,Please Forgive Me,Bryan Adams,album rock,1990,53,15,356,43
0,1,In the End,Linkin Park,alternative metal,2000,56,40,217,83
1,2,The Scientist,Coldplay,permanent wave,2000,56,21,310,83
2,3,Numb,Linkin Park,alternative metal,2000,50,24,186,81
3,4,Fix You,Coldplay,permanent wave,2000,21,12,296,81
4,5,Umbrella,Rihanna,barbadian pop,2000,58,57,276,80
5,6,Stronger,Kanye West,chicago rap,2000,62,49,312,80
6,7,The Real Slim Shady,Eminem,detroit hip hop,2000,95,76,284,80
7,8,Low (feat. T-Pain),Flo Rida,dance pop,2000,92,30,231,79
8,9,American Boy,Estelle,r&b,2000,73,51,285,79
9,10,Yeah! (feat. Lil Jon & Ludacris),Usher,atl hip hop,2000,89,58,250,79
10,11,Hall of Fame,The Script,celtic rock,2000,42,63,203,78
11,12,Party In The U.S.A.,Miley Cyrus,dance pop,2000,65,47,202,78
12,13,Candy Shop,50 Cent,east coast hip hop,2000,61,76,209,78
13,14,Fireflies,Owl City,pop,2000,51,46,228,78
14,15,Dynamite,Taio Cruz,dance pop,2000,75,82,203,77
15,16,So Sick,Ne-Yo,dance pop,2000,45,58,207,77
16,17,Take A Bow,Rihanna,barbadian pop,2000,70,57,229,77
17,18,Dilemma,Nelly,dance pop,2000,73,61,289,77
18,19,I Gotta Feeling,The Black Eyed Peas,dance pop,2000,74,61,289,77
19,20,Halo,BeyoncÃ©,dance pop,2000,51,47,262,77
20,21,In Da Club,50 Cent,east coast hip hop,2000,90,78,193,77
21,22,Just the Way You Are,Bruno Mars,pop,2000,64,43,221,77
22,23,Crank That (Soulja Boy),Soulja Boy,atl hip hop,2000,74,80,222,76
23,24,Gasolina,Daddy Yankee,latin,2000,86,75,193,76
24,25,Let Me Love You,Mario,dance pop,2000,66,56,257,76
25,26,Don't Stop The Music,Rihanna,barbadian pop,2000,84,54,267,76
26,27,"Lose Yourself - From ""8 Mile"" Soundtrack",Eminem,detroit hip hop,2000,69,6,322,76
27,28,I Knew You Were Trouble.,Taylor Swift,dance pop,2000,62,68,220,75
28,29,Temperature,Sean Paul,dance pop,2000,95,82,219,75
29,30,Empire State of Mind (Part II) Broken Down,Alicia Keys,hip pop,2000,48,14,216,75
30,31,Where Is The Love?,The Black Eyed Peas,dance pop,2000,84,83,273,75
31,32,Replay,Iyaz,dance pop,2000,71,20,182,74
32,33,Live Your Life (feat. Rihanna),T.I.,atl hip hop,2000,38,48,339,74
33,34,Grenade,Bruno Mars,pop,2000,71,23,223,74
34,35,Last Friday Night (T.G.I.F.),Katy Perry,dance pop,2000,65,77,231,74
35,36,Womanizer,Britney Spears,dance pop,2000,72,24,224,74
36,37,You Found Me,The Fray,modern rock,2000,34,40,242,74
37,38,One Tow Step (feat. Missy Elliot),Ciara,dance pop,2000,94,84,204,74
38,39,Smack That,Akon,dance pop,2000,94,93,212,73
39,40,Alors on danse,Stromae,belgian pop,2000,79,71,206,73
40,41,No Air (feat. Chris Brown),Jordin Sparks,dance pop,2000,47,33,264,73
41,42,We Are Never Ever Getting Back Together,Taylor Swift,dance pop,2000,63,75,193,73
42,43,Love Story,Taylor Swift,dance pop,2000,62,31,236,73
43,44,Pon de Replay,Rihanna,barbadian pop,2000,78,50,247,73
44,45,A Milli,Lil Wayne,hip hop,2000,67,77,222,73
45,46,U Remind Me,Usher,atl hip hop,2000,66,73,267,73
46,47,Right Round,Flo Rida,dance pop,2000,72,71,205,72
47,48,Because Of You,Ne-Yo,dance pop,2000,81,83,267,72
48,49,Call on Me - Radio Mix,Eric Prydz,big room,2000,60,45,171,72
49,50,Only Girl (In The World),Rihanna,barbadian pop,2000,79,61,235,72
50,51,What's Luv? (feat. Ja-Rule & Ashanti),Fat Joe,bronx hip hop,2000,84,92,267,72
51,52,Pump It,The Black Eyed Peas,dance pop,2000,65,74,213,72
52,53,Break Your Heart,Taio Cruz,dance pop,2000,61,57,202,71
53,54,Numb / Encore,JAY-Z,east coast hip hop,2000,69,80,205,71
54,55,Hate That I Love You,Rihanna,barbadian pop,2000,64,73,219,71
55,56,Lollipop,Lil Wayne,hip hop,2000,83,45,299,71
56,57,Rockstar,Nickelback,alternative metal,2000,62,69,252,71
57,58,I Wanna Love You,Akon,dance pop,2000,87,35,247,70
58,59,Crush,David Archuleta,dance pop,2000,57,49,214,70
59,60,Apologize,Timbaland,dance pop,2000,66,8,184,70
60,61,7 Days,Craig David,british soul,2000,66,89,235,70
61,62,Broken Strings,James Morrison,neo mellow,2000,57,32,250,70
62,63,Bleeding Love,Leona Lewis,british soul,2000,64,20,263,70
63,64,In My Head,Jason Derulo,dance pop,2000,76,85,199,69
64,65,Ridin',Chamillionaire,dirty south rap,2000,79,84,303,69
65,66,Hot N Cold,Katy Perry,dance pop,2000,71,86,220,69
66,67,Breakeven,The Script,celtic rock,2000,63,49,261,68
67,68,Snap Yo Fingers,Youngbloodz,atl hip hop,2000,84,63,274,68
68,69,Boom Boom Pow,The Black Eyed Peas,dance pop,2000,87,40,251,68
69,70,Lady - Hear Me Tonight,Modjo,disco house,2000,72,87,307,68
70,71,Superstar,Jamelia,europop,2000,80,82,215,67
71,72,Love Lockdown,Kanye West,chicago rap,2000,76,11,270,67
72,73,The Tide Is High - Radio Mix,Atomic Kitten,bubblegum dance,2000,78,64,205,66
73,74,Release Me,Agnes,dance pop,2000,62,72,256,65
74,75,About You Now,Sugababes,bubblegum dance,2000,58,59,212,65
75,76,Pjanoo - Radio Edit,Eric Prydz,big room,2000,60,84,157,65
76,77,Let It Rock,Kevin Rudolf,dance pop,2000,61,44,231,65
77,78,Everytime We Touch - Radio Edit,Cascada,bubblegum dance,2000,64,49,199,64
78,79,Lean Back,Terror Squad,bronx hip hop,2000,80,70,247,64
79,80,TiK ToK,Kesha,dance pop,2000,75,63,200,63
80,81,All Rise,Blue,boy band,2000,72,93,224,63
81,82,Fergalicious,Fergie,dance pop,2000,91,83,292,63
82,83,Something,Lasgo,belgian dance,2000,64,38,221,63
83,84,When Love Takes Over (feat. Kelly Rowland),David Guetta,dance pop,2000,66,50,189,63
84,85,Anyone Of Us (Stupid Mistake),Gareth Gates,europop,2000,70,65,228,61
85,86,Teardrops On My Guitar - Radio Single Remix,Taylor Swift,dance pop,2000,62,29,203,61
86,87,Thank God I Found You,Mariah Carey,dance pop,2000,47,15,257,61
87,88,Sexy Bitch (feat. Akon) - Extended,David Guetta,dance pop,2000,96,80,312,60
88,89,Cooler Than Me - Single Mix,Mike Posner,dance pop,2000,75,65,213,60
89,90,Bump Bump Bump,B2K,boy band,2000,84,89,283,60
90,91,Beautiful Girls,Sean Kingston,dance pop,2000,54,75,242,60
91,92,I Know You Want Me (Calle Ocho),Pitbull,dance pop,2000,82,80,237,60
92,93,Leave The World Behind - Radio Edit,Axwell,big room,2000,53,28,162,58
93,94,DÃ©senchantÃ©e - Radio Edit,Kate Ryan,belgian pop,2000,52,29,221,57
94,95,Moving too fast - Radio Edit,Artful Dodger,uk garage,2000,84,52,238,57
95,96,I Know What You Want (feat. Flipmode Squad),Busta Rhymes,east coast hip hop,2000,56,49,324,56
96,97,Knock You Down,Keri Hilson,dance pop,2000,59,65,326,56
97,98,Dragostea Din Tei - Italian Version,O-Zone,bubblegum dance,2000,67,80,215,44
98,99,What A Girl Wants - Eddie Arroyo Dance Radio Edit,Christina Aguilera,dance pop,2000,75,66,244,40
99,100,Impossible - Main,Shontelle,barbadian pop,2000,59,51,226,32
0,1,bad guy,Billie Eilish,electropop,2010,70,56,194,94
1,2,7 rings,Ariana Grande,dance pop,2010,78,33,179,90
2,3,Old Town Road - Remix,Lil Nas X,country rap,2010,88,64,157,89
3,4,SeÃ±orita,Shawn Mendes,canadian pop,2010,76,75,191,88
4,5,rockstar (feat. 21 Savage),Post Malone,dfw rap,2010,59,13,218,88
5,6,SAD!,XXXTENTACION,emo rap,2010,74,47,167,87
6,7,Sunflower - Spider-Man: Into the Spider-Verse,Post Malone,dfw rap,2010,76,93,158,86
7,8,God's Plan,Drake,canadian hip hop,2010,75,36,199,85
8,9,One Kiss (with Dua Lipa),Calvin Harris,dance pop,2010,79,59,215,85
9,10,Thunder,Imagine Dragons,modern rock,2010,61,29,187,85
10,11,I Fall Apart,Post Malone,dfw rap,2010,56,29,223,84
11,12,HUMBLE.,Kendrick Lamar,conscious hip hop,2010,91,42,177,84
12,13,Starboy,The Weeknd,canadian contemporary r&b,2010,68,49,230,84
13,14,FRIENDS,Marshmello,brostep,2010,63,53,203,83
14,15,Psycho (feat. Ty Dolla $ign),Post Malone,dfw rap,2010,75,46,221,83
15,16,Congratulations,Post Malone,dfw rap,2010,63,49,220,83
16,17,In My Feelings,Drake,canadian hip hop,2010,84,35,218,83
17,18,The Hills,The Weeknd,canadian contemporary r&b,2010,58,14,242,83
18,19,no tears left to cry,Ariana Grande,dance pop,2010,70,35,206,83
19,20,Dancing On My Own,Calum Scott,pop,2010,68,24,260,83
20,21,New Rules,Dua Lipa,dance pop,2010,76,61,209,83
21,22,Treat You Better,Shawn Mendes,canadian pop,2010,44,75,188,83
22,23,Something Just Like This,The Chainsmokers,electropop,2010,62,45,247,83
23,24,Happier,Ed Sheeran,pop,2010,52,24,208,82
24,25,Attention,Charlie Puth,dance pop,2010,78,80,209,82
25,26,IDGAF,Dua Lipa,dance pop,2010,84,51,218,82
26,27,There's Nothing Holdin' Me Back,Shawn Mendes,canadian pop,2010,87,97,199,82
27,28,Scared to Be Lonely,Martin Garrix,big room,2010,58,20,221,81
28,29,Whatever It Takes,Imagine Dragons,modern rock,2010,67,56,201,81
29,30,Let Me Love You,DJ Snake,electronic trap,2010,65,16,206,81
30,31,i hate u i love u (feat. olivia o'brien),gnash,pop,2010,49,18,251,81
31,32,Silence,Marshmello,brostep,2010,52,29,181,80
32,33,The Nights,Avicii,big room,2010,53,65,177,80
33,34,Without You (feat. Sandro Cavazza),Avicii,big room,2010,66,30,182,80
34,35,In the Name of Love,Martin Garrix,big room,2010,50,17,196,80
35,36,Faded,Alan Walker,electro house,2010,47,16,212,80
36,37,Story of My Life,One Direction,boy band,2010,60,29,245,80
37,38,Solo (feat. Demi Lovato),Clean Bandit,dance pop,2010,74,56,223,79
38,39,Love Lies (with Normani),Khalid,alternative r&b,2010,71,34,202,79
39,40,Little Do You Know,Alex & Sierra,neo mellow,2010,50,37,185,79
40,41,Mercy,Shawn Mendes,canadian pop,2010,56,36,209,79
41,42,Exchange,Bryson Tiller,pop,2010,53,27,195,79
42,43,One Last Time,Ariana Grande,dance pop,2010,63,10,197,79
43,44,DJ Got Us Fallin' In Love (feat. Pitbull),Usher,atl hip hop,2010,66,65,221,78
44,45,Give Me Everything,Pitbull,dance pop,2010,67,53,252,78
45,46,Waiting For Love,Avicii,big room,2010,58,61,231,78
46,47,Stay,Zedd,complextro,2010,69,54,210,78
47,48,It Ain't Me (with Selena Gomez),Kygo,edm,2010,64,52,221,78
48,49,Hall of Fame,The Script,celtic rock,2010,42,63,203,78
49,50,Payphone,Maroon 5,pop,2010,74,55,231,78
50,51,PILLOWTALK,ZAYN,dance pop,2010,58,44,203,78
51,52,All I Want,Kodaline,irish pop,2010,21,16,306,78
52,53,Youngblood,5 Seconds of Summer,boy band,2010,60,15,203,77
53,54,Symphony (feat. Zara Larsson),Clean Bandit,dance pop,2010,71,46,212,77
54,55,Unsteady,X Ambassadors,indie poptimism,2010,39,20,194,77
55,56,Classic,MKTO,dance pop,2010,72,76,175,77
56,57,Time of Our Lives,Pitbull,dance pop,2010,72,72,229,77
57,58,Please Don't Go,Joel Adams,australian pop,2010,51,24,211,76
58,59,When You Love Someone,James TW,neo mellow,2010,68,35,217,76
59,60,I Dont Wanna Live Forever (Fifty Shades Darker),ZAYN,dance pop,2010,74,9,245,76
60,61,Perfect Strangers,Jonas Blue,dance pop,2010,73,70,197,76
61,62,Friends (with BloodPopÂ®),Justin Bieber,canadian pop,2010,74,62,189,75
62,63,September Song,JP Cooper,dance pop,2010,61,37,220,75
63,64,Never Forget You,Zara Larsson,dance pop,2010,58,28,213,75
64,65,Say You Won't Let Go,James Arthur,pop,2010,40,48,211,75
65,66,Airplanes (feat. Hayley Williams),B.o.B,atl hip hop,2010,66,38,180,75
66,67,Whistle,Flo Rida,dance pop,2010,75,74,225,75
67,68,Do It Again,Pia Mia,dance pop,2010,71,41,208,74
68,69,Paris,The Chainsmokers,electropop,2010,65,25,222,74
69,70,All My Friends (feat. Tinashe & Chance the Rapper),Snakehips,dance pop,2010,69,18,230,74
70,71,Slide (feat. Frank Ocean & Migos),Calvin Harris,dance pop,2010,74,51,231,74
71,72,No Promises (feat. Demi Lovato),Cheat Codes,dance pop,2010,74,60,224,73
72,73,The Ocean (feat. Shy Martin),Mike Perry,big room,2010,63,19,183,73
73,74,Capsize,FRENSHIP,electropop,2010,68,36,238,72
74,75,As Long As You Love Me,Justin Bieber,canadian pop,2010,57,61,229,72
75,76,Pretty Girl - Cheat Codes X CADE Remix,Maggie Lindemann,dance pop,2010,70,73,194,71
76,77,2U (feat. Justin Bieber),David Guetta,dance pop,2010,55,56,195,71
77,78,Strip That Down (feat. Quavo),Liam Payne,dance pop,2010,87,55,202,71
78,79,Wildest Dreams,Taylor Swift,dance pop,2010,55,47,220,71
79,80,Sun Is Shining,Axwell /\ Ingrosso,big room,2010,47,38,255,71
80,81,Solo Dance,Martin Jensen,big room,2010,75,40,175,70
81,82,Alone,Alan Walker,electro house,2010,68,16,161,70
82,83,You Don't Know Me (feat. RAYE),Jax Jones,dance pop,2010,88,67,213,70
83,84,Can't Hold Us (feat. Ray Dalton),Macklemore & Ryan Lewis,dance pop,2010,63,88,258,70
84,85,Hurts So Good,Astrid S,dance pop,2010,67,42,209,69
85,86,Five More Hours - Deorro x Chris Brown,Deorro,big room,2010,70,50,212,69
86,87,She Looks So Perfect,5 Seconds of Summer,boy band,2010,49,44,202,69
87,88,Where Them Girls At (feat. Nicki Minaj & Flo Rida),David Guetta,dance pop,2010,67,55,195,69
88,89,Mama,Jonas Blue,dance pop,2010,74,54,184,68
89,90,Don't Leave,Snakehips,dance pop,2010,66,34,215,68
90,91,Drag Me Down,One Direction,boy band,2010,72,61,192,68
91,92,The One That Got Away,Katy Perry,dance pop,2010,69,88,227,66
92,93,Shed a Light,Robin Schulz,dance pop,2010,48,58,191,65
93,94,Sex,Cheat Codes,dance pop,2010,60,19,228,60
94,95,Call on Me - Ryan Riback Remix,Starley,aussietronica,2010,67,72,222,58
95,96,Stereo Hearts (feat. Adam Levine),Gym Class Heroes,dance pop,2010,65,80,211,56
96,97,Dynamite,Taio Cruz,dance pop,2010,76,87,203,56
97,98,Break Your Heart,Taio Cruz,dance pop,2010,67,68,185,54
98,99,Summer Air,ItaloBrothers,dance pop,2010,76,49,184,43
99,100,All I Wanna Do,Martin Jensen,big room,2010,73,56,194,32
